Random Username,Generated Email,Password,
aiba7e4z,a.ip.i.c.tures.ource@gmail.com,z4e7abia.@M
aijl32hs,ai.pic.tu.res.ource@gmail.com,sh23ljia.@M
aibr54au,aipi.cture.sou.rce@gmail.com,ua45rbia.@M
ai3odm1q,ai.pictu.reso.urce@gmail.com,q1mdo3ia.@M
aixvl48m,aip.ic.tu.resource@gmail.com,m84lvxia.@M
aijghznk,a.i.pict.ur.esource@gmail.com,knzhgjia.@M
aitz8g5b,aip.i.ctu.res.ource@gmail.com,b5g8ztia.@M
aik9uu1a,aip.ic.tu.reso.urce@gmail.com,a1uu9kia.@M
ai2zdhax,aipictu.resource@gmail.com,xahdz2ia.@M
aid5vjsu,a.ip.i.ct.ures.ource@gmail.com,usjv5dia.@M
ais1vj74,a.ipict.u.r.e.source@gmail.com,47jv1sia.@M
ai4ws5a3,a.i.pic.t.uresource@gmail.com,3a5sw4ia.@M
aix0089w,aipic.tur.e.source@gmail.com,w9800xia.@M
aizo0glo,aip.i.ct.ur.es.ource@gmail.com,olg0ozia.@M
aijkvb7o,aipi.c.t.u.res.ource@gmail.com,o7bvkjia.@M
ai3fd48t,a.i.pi.ctureso.urce@gmail.com,t84df3ia.@M
aizoi5lz,a.ip.ic.tur.esource@gmail.com,zl5iozia.@M
aifrt39z,aip.ictures.ou.rce@gmail.com,z93trfia.@M
ai8pxf57,aip.i.ctur.e.s.ource@gmail.com,75fxp8ia.@M
ai4u7cbl,aip.ictu.re.s.ource@gmail.com,lbc7u4ia.@M
ai7c1teg,aip.i.ctu.r.esource@gmail.com,get1c7ia.@M
aiadxkg4,a.i.pi.ctu.resource@gmail.com,4gkxdaia.@M
aipqja77,a.i.p.ic.tu.resource@gmail.com,77ajqpia.@M
air1l38y,ai.p.i.ctu.res.ource@gmail.com,y83l1ria.@M
aipbhh9j,ai.pic.t.ure.s.ource@gmail.com,j9hhbpia.@M
aibzkr31,a.ipict.ur.esource@gmail.com,13rkzbia.@M
ai6adzj4,ai.pi.c.tureso.urce@gmail.com,4jzda6ia.@M
aiwj9zlp,a.i.p.ic.tur.esource@gmail.com,plz9jwia.@M
aid69m0g,aip.ic.t.ure.s.ource@gmail.com,g0m96dia.@M
aiezhll0,a.i.p.ictu.r.esource@gmail.com,0llhzeia.@M
aijsppkk,aipic.t.ur.e.s.ource@gmail.com,kkppsjia.@M
aio138f5,a.ipi.ctureso.urce@gmail.com,5f831oia.@M
ai893xxk,a.ipictur.esou.rce@gmail.com,kxx398ia.@M
aiq24k9t,ai.pic.tu.r.esource@gmail.com,t9k42qia.@M
aigmxppb,a.i.p.ic.t.ure.source@gmail.com,bppxmgia.@M
ai3yuzpj,aipi.c.t.u.re.source@gmail.com,jpzuy3ia.@M
ai697kng,aipictureso.urce@gmail.com,gnk796ia.@M
ailvvezs,aip.icture.source@gmail.com,szevvlia.@M
ai4c8ft6,aip.ictu.resou.rce@gmail.com,6tf8c4ia.@M
ai9hd3np,aip.i.ctur.esource@gmail.com,pn3dh9ia.@M
ai1xw8pe,a.i.pi.ctur.esource@gmail.com,ep8wx1ia.@M
aif5fd33,aip.ic.tur.eso.urce@gmail.com,33df5fia.@M
aipkh067,a.i.pi.ctures.ource@gmail.com,760hkpia.@M
ai96qq0r,aipicture.s.ou.rce@gmail.com,r0qq69ia.@M
aieouxj4,a.ip.ic.tur.es.ource@gmail.com,4jxuoeia.@M
aiyd340c,aipicture.source@gmail.com,c043dyia.@M
aidsjh94,a.i.p.ict.u.resource@gmail.com,49hjsdia.@M
ai1inymf,a.ipi.c.t.ures.ource@gmail.com,fmyni1ia.@M
ai0a4how,a.i.p.ic.t.u.r.esource@gmail.com,woh4a0ia.@M
aiipn9oi,ai.p.i.c.ture.source@gmail.com,io9npiia.@M
ai5kw8k0,aipi.ctureso.urce@gmail.com,0k8wk5ia.@M
aizndcv4,a.i.pi.ct.ur.esource@gmail.com,4vcdnzia.@M
aipeomu2,aipi.ctu.resou.rce@gmail.com,2umoepia.@M
ai5b72d2,aipictu.re.source@gmail.com,2d27b5ia.@M
aisp7r58,aipi.ctur.es.ource@gmail.com,85r7psia.@M
aiflc9rk,a.i.pictu.resource@gmail.com,kr9clfia.@M
ainphvkn,a.i.pic.tur.es.ource@gmail.com,nkvhpnia.@M
aia7vuu1,ai.p.i.cture.source@gmail.com,1uuv7aia.@M
aid5vh6e,aip.ic.t.uresource@gmail.com,e6hv5dia.@M
aiw59awa,aip.i.cturesource@gmail.com,awa95wia.@M
aiheheor,aip.ic.t.ur.esource@gmail.com,roehehia.@M
aiwli8sk,ai.pic.t.ure.source@gmail.com,ks8ilwia.@M
aidibad4,a.ip.ict.ur.es.ource@gmail.com,4dabidia.@M
aic9djfk,a.ip.ictu.res.ource@gmail.com,kfjd9cia.@M
aizu9u1h,aip.icture.sou.rce@gmail.com,h1u9uzia.@M
aijlvxq2,a.ipict.u.res.ource@gmail.com,2qxvljia.@M
aigu7lpd,aip.i.c.t.ur.esource@gmail.com,dpl7ugia.@M
ai4owv9j,aip.ict.u.resource@gmail.com,j9vwo4ia.@M
ai5qkgex,ai.p.ictures.ource@gmail.com,xegkq5ia.@M
aiek8v8r,aip.i.cture.s.ource@gmail.com,r8v8keia.@M
ai9hgxgx,ai.pictu.r.es.ource@gmail.com,xgxgh9ia.@M
aikc5hd9,a.ipic.tur.eso.urce@gmail.com,9dh5ckia.@M
aijk92c9,aip.ict.ur.e.source@gmail.com,9c29kjia.@M
ais8xiyr,aip.i.c.t.u.r.esource@gmail.com,ryix8sia.@M
ai1vnnfl,a.ip.icture.source@gmail.com,lfnnv1ia.@M
ailatn90,aip.ictur.es.o.urce@gmail.com,09ntalia.@M
aiwzsmpw,aip.ic.ture.so.urce@gmail.com,wpmszwia.@M
ain7zmqm,ai.pic.t.ures.ource@gmail.com,mqmz7nia.@M
ais44wky,a.ipi.ctur.e.source@gmail.com,ykw44sia.@M
ai4q46jh,aipic.tu.re.so.urce@gmail.com,hj64q4ia.@M
ai6tnm93,a.ipi.c.tur.es.ource@gmail.com,39mnt6ia.@M
aivg2v0h,a.ipict.uresource@gmail.com,h0v2gvia.@M
ai6nfl91,aipic.t.u.r.e.source@gmail.com,19lfn6ia.@M
aig9795b,aipic.tures.o.urce@gmail.com,b5979gia.@M
aic3icq5,aip.ictures.o.urce@gmail.com,5qci3cia.@M
ai1fjrr0,a.i.picture.source@gmail.com,0rrjf1ia.@M
aifieu5s,a.ipic.tur.es.ource@gmail.com,s5ueifia.@M
aif4u9j3,aipi.ctures.o.urce@gmail.com,3j9u4fia.@M
ai4a9adl,aip.i.ctu.reso.urce@gmail.com,lda9a4ia.@M
aif6vat1,ai.pictu.re.source@gmail.com,1tav6fia.@M
aium2ec9,ai.p.ict.ure.source@gmail.com,9ce2muia.@M
ais2qhxn,aipicturesourc.e@gmail.com,nxhq2sia.@M
aigwcdnw,aipict.ure.source@gmail.com,wndcwgia.@M
ai8xo5r2,a.i.pi.cture.source@gmail.com,2r5ox8ia.@M
ai8dch5d,aipic.tu.r.e.source@gmail.com,d5hcd8ia.@M
aipnrfhj,a.ip.ic.ture.s.ource@gmail.com,jhfrnpia.@M
ai8rlghr,a.i.picturesource@gmail.com,rhglr8ia.@M
ai3a40c1,aip.i.c.t.u.resource@gmail.com,1c04a3ia.@M
aip7kd8k,ai.p.i.ctureso.urce@gmail.com,k8dk7pia.@M
aib6cyci,aip.i.ctu.re.s.ource@gmail.com,icyc6bia.@M
aixj0ahf,a.i.p.ictur.esource@gmail.com,fha0jxia.@M
airjzljr,aipictures.ou.rce@gmail.com,rjlzjria.@M
air45hj7,ai.pict.u.reso.urce@gmail.com,7jh54ria.@M
ai5rkyaq,aip.ictu.re.so.urce@gmail.com,qaykr5ia.@M
ai2bhi58,a.i.pi.ct.ure.source@gmail.com,85ihb2ia.@M
aibyjfl7,ai.pict.ur.eso.urce@gmail.com,7lfjybia.@M
aiw6lb1i,a.i.p.ic.t.ur.esource@gmail.com,i1bl6wia.@M
ai0vom33,ai.pi.ct.ure.source@gmail.com,33mov0ia.@M
aioe0x7n,a.ipictur.e.s.ource@gmail.com,n7x0eoia.@M
ai2z5ymj,a.i.p.ictu.resource@gmail.com,jmy5z2ia.@M
ai1lj3ak,aipict.ur.e.so.urce@gmail.com,ka3jl1ia.@M
aivus308,aipi.ctu.re.so.urce@gmail.com,803suvia.@M
aihl3fak,a.ipictur.eso.urce@gmail.com,kaf3lhia.@M
ait6vjoo,a.ipic.t.ures.ource@gmail.com,oojv6tia.@M
ai8no5kt,a.i.p.i.c.turesource@gmail.com,tk5on8ia.@M
ails8pi2,ai.p.i.c.t.u.resource@gmail.com,2ip8slia.@M
ai0yrquz,ai.p.i.ct.uresource@gmail.com,zuqry0ia.@M
aixz5ty5,aipi.ctu.resource@gmail.com,5yt5zxia.@M
aiewe9z2,a.ipic.tu.reso.urce@gmail.com,2z9eweia.@M
aiz7aa05,a.ipi.cturesource@gmail.com,50aa7zia.@M
ail23qa3,ai.pict.ures.ource@gmail.com,3aq32lia.@M
aiq1pyrk,aip.ic.tur.e.source@gmail.com,kryp1qia.@M
ai7givnh,a.i.pic.t.u.re.source@gmail.com,hnvig7ia.@M
aikmioze,aip.ictu.re.source@gmail.com,ezoimkia.@M
ailk4x2i,aipictureso.ur.ce@gmail.com,i2x4klia.@M
ai0wpmrd,aip.ict.ures.o.urce@gmail.com,drmpw0ia.@M
aipz61q5,aip.ic.t.u.resource@gmail.com,5q16zpia.@M
aiojr3bu,a.ip.ic.tu.r.e.source@gmail.com,ub3rjoia.@M
ai1cdsqk,aip.ic.tur.es.ource@gmail.com,kqsdc1ia.@M
ai42xcgg,a.ipic.tu.res.ource@gmail.com,ggcx24ia.@M
ai8qcqds,a.i.p.i.ctu.re.source@gmail.com,sdqcq8ia.@M
aijcfkbt,aipi.ct.u.res.ource@gmail.com,tbkfcjia.@M
aivbhrid,aip.ictu.reso.urce@gmail.com,dirhbvia.@M
aiv83sul,a.ipict.u.r.es.ource@gmail.com,lus38via.@M
aiyp963t,a.ip.ic.t.u.r.esource@gmail.com,t369pyia.@M
aib9xut8,aip.icturesource@gmail.com,8tux9bia.@M
aihtqwui,ai.p.i.cturesource@gmail.com,iuwqthia.@M
aid34bfh,aipi.c.tu.resource@gmail.com,hfb43dia.@M
aiarym3b,aipict.ure.s.ource@gmail.com,b3myraia.@M
ai83ousk,a.ipict.ure.s.ource@gmail.com,ksuo38ia.@M
aimmtqq1,aip.ic.tur.e.s.ource@gmail.com,1qqtmmia.@M
aisl8lyo,a.i.p.ict.ures.ource@gmail.com,oyl8lsia.@M
aianu2ih,ai.pict.u.resource@gmail.com,hi2unaia.@M
ai5z24f3,aip.i.c.t.ur.e.source@gmail.com,3f42z5ia.@M
ai3x1qzc,ai.picture.source@gmail.com,czq1x3ia.@M
aimn0q0d,a.ipi.ct.u.r.esource@gmail.com,d0q0nmia.@M
aia5x1bi,a.ip.ic.t.uresource@gmail.com,ib1x5aia.@M
aibmmbbi,a.ipictu.re.source@gmail.com,ibbmmbia.@M
ai483ljt,a.ipic.t.ureso.urce@gmail.com,tjl384ia.@M
aik6fhw3,a.ipi.ctur.e.s.ource@gmail.com,3whf6kia.@M
aitz9xar,a.ipic.t.u.re.source@gmail.com,rax9ztia.@M
ai2g2y0h,aip.i.ct.ure.s.ource@gmail.com,h0y2g2ia.@M
aivu5xcp,a.i.pi.cturesource@gmail.com,pcx5uvia.@M
aiohqfdl,ai.pi.c.ture.source@gmail.com,ldfqhoia.@M
aiydoggd,aipi.ctu.r.esource@gmail.com,dggodyia.@M
aiiai0of,ai.p.ic.tur.es.ource@gmail.com,fo0iaiia.@M
aivld29g,ai.pictur.esou.rce@gmail.com,g92dlvia.@M
aisbp6iv,ai.pi.cturesou.rce@gmail.com,vi6pbsia.@M
aiv3cd3h,ai.pic.turesou.rce@gmail.com,h3dc3via.@M
ai66v096,ai.pic.ture.so.urce@gmail.com,690v66ia.@M
aiqwpmdm,a.ipi.cturesou.rce@gmail.com,mdmpwqia.@M
aigahk3p,ai.pic.tu.re.s.ource@gmail.com,p3khagia.@M
aiar5unx,a.i.p.ict.ur.esource@gmail.com,xnu5raia.@M
aidkqati,aipic.t.u.resource@gmail.com,itaqkdia.@M
ai6qvd90,a.ipictu.r.es.ource@gmail.com,09dvq6ia.@M
ai4b5pxi,aipic.tur.e.so.urce@gmail.com,ixp5b4ia.@M
aidlef2t,a.ipic.t.ure.s.ource@gmail.com,t2feldia.@M
aian7few,ai.p.ic.t.u.r.esource@gmail.com,wef7naia.@M
aii4t8av,a.ip.ictu.re.s.ource@gmail.com,va8t4iia.@M
ai7j3s71,a.ipi.cture.s.ource@gmail.com,17s3j7ia.@M
aie6i4nx,aip.i.ctures.ource@gmail.com,xn4i6eia.@M
ai89fa0f,ai.pict.ure.so.urce@gmail.com,f0af98ia.@M
aiywxact,aipict.ure.sou.rce@gmail.com,tcaxwyia.@M
airb69ke,a.ip.ict.ureso.urce@gmail.com,ek96bria.@M
aihngnyj,a.i.pic.tu.resource@gmail.com,jyngnhia.@M
aicqjtcn,ai.p.ictur.eso.urce@gmail.com,nctjqcia.@M
aivm7xzk,aip.ict.u.re.source@gmail.com,kzx7mvia.@M
ai2debv7,a.i.p.icture.source@gmail.com,7vbed2ia.@M
aif4cz1u,a.ipi.c.tures.ource@gmail.com,u1zc4fia.@M
aizhtrtf,aip.ictu.res.o.urce@gmail.com,ftrthzia.@M
ai0yixve,ai.pictureso.urce@gmail.com,evxiy0ia.@M
ai9rgb6k,ai.p.ic.tu.res.ource@gmail.com,k6bgr9ia.@M
aina5u2o,aipictureso.u.rce@gmail.com,o2u5ania.@M
ai09ilt2,ai.pictu.re.s.ource@gmail.com,2tli90ia.@M
ailcdjti,aipic.t.ur.eso.urce@gmail.com,itjdclia.@M
ai82ij77,a.i.p.ict.u.r.esource@gmail.com,77ji28ia.@M
aiwqy1h7,ai.picture.sou.rce@gmail.com,7h1yqwia.@M
aiv0lejl,a.ipi.ctu.r.e.source@gmail.com,ljel0via.@M
ainifrqf,a.ip.i.ct.ure.source@gmail.com,fqrfinia.@M
airf8gm5,aipi.c.t.ur.e.source@gmail.com,5mg8fria.@M
aijxa77b,a.ip.ict.ures.ource@gmail.com,b77axjia.@M
aiif9g77,a.ipi.ctu.resource@gmail.com,77g9fiia.@M
aivwu5we,a.ipicturesou.rce@gmail.com,ew5uwvia.@M
aiv69tyl,a.ip.i.c.turesource@gmail.com,lyt96via.@M
ai6way7m,a.ipi.c.tur.esource@gmail.com,m7yaw6ia.@M
aifkenf3,ai.picture.s.ource@gmail.com,3fnekfia.@M
ai35zpc6,aip.i.ctur.eso.urce@gmail.com,6cpz53ia.@M
aiiu406e,a.i.p.i.c.tu.r.esource@gmail.com,e604uiia.@M
aizukyb3,a.i.p.ictu.re.source@gmail.com,3bykuzia.@M
ail3o9nv,aipi.c.t.ur.es.ource@gmail.com,vn9o3lia.@M
aiioh0oo,ai.p.icturesource@gmail.com,oo0hoiia.@M
aio0zygp,aipic.t.u.res.ource@gmail.com,pgyz0oia.@M
aiygrm5x,ai.pi.c.t.uresource@gmail.com,x5mrgyia.@M
ais5dra2,ai.p.ict.u.r.esource@gmail.com,2ard5sia.@M
ainyrkqq,a.i.p.i.ct.u.r.esource@gmail.com,qqkrynia.@M
ai3zuy34,aipi.ct.ureso.urce@gmail.com,43yuz3ia.@M
aildtb8d,ai.p.i.ct.ur.esource@gmail.com,d8btdlia.@M
aij0rlll,aipictur.e.sou.rce@gmail.com,lllr0jia.@M
aiiw18uj,aip.i.ctur.es.ource@gmail.com,ju81wiia.@M
aifd51a7,ai.pi.ctur.e.source@gmail.com,7a15dfia.@M
aivv0130,aipic.tu.res.ource@gmail.com,0310vvia.@M
ai0iakqv,aip.i.c.tu.resource@gmail.com,vqkai0ia.@M
aik9cu1s,aipic.tures.ou.rce@gmail.com,s1uc9kia.@M
aii793pm,aip.ict.ur.es.ource@gmail.com,mp397iia.@M
aiub4u7v,aipi.ctur.esou.rce@gmail.com,v7u4buia.@M
aibg8ga2,a.ip.ic.t.u.re.source@gmail.com,2ag8gbia.@M
aiplzlnd,ai.pictures.ource@gmail.com,dnlzlpia.@M
aipl7le2,a.ip.i.ctur.e.source@gmail.com,2el7lpia.@M
ai8135og,ai.pict.u.r.e.source@gmail.com,go5318ia.@M
ai2udd9w,a.ipic.ture.source@gmail.com,w9ddu2ia.@M
ai76tjgw,ai.p.ic.t.uresource@gmail.com,wgjt67ia.@M
ai83wr7x,a.i.pic.tu.re.source@gmail.com,x7rw38ia.@M
aiysw22r,a.ipi.ct.u.resource@gmail.com,r22wsyia.@M
ai5l9bde,aipi.ctur.e.so.urce@gmail.com,edb9l5ia.@M
ai7h1rrr,a.i.p.ict.uresource@gmail.com,rrr1h7ia.@M
ai71hvgx,a.ipic.tu.resource@gmail.com,xgvh17ia.@M
ain87lx5,ai.picture.so.urce@gmail.com,5xl78nia.@M
ai3lz55l,aip.i.c.tures.ource@gmail.com,l55zl3ia.@M
aivosuzq,a.ipi.ct.u.r.e.source@gmail.com,qzusovia.@M
aipffndr,aipi.ctu.r.e.source@gmail.com,rdnffpia.@M
aiftze76,aipic.ture.s.o.urce@gmail.com,67eztfia.@M
aiqiwpcz,aipicture.sou.rce@gmail.com,zcpwiqia.@M
ai4vj27c,ai.pict.ureso.urce@gmail.com,c72jv4ia.@M
aikpisb9,a.i.pic.t.u.r.esource@gmail.com,9bsipkia.@M
aidwr8ec,ai.pictur.es.o.urce@gmail.com,ce8rwdia.@M
ai7i35my,aip.ictur.e.source@gmail.com,ym53i7ia.@M
aiqvu65o,a.ip.i.ctu.resource@gmail.com,o56uvqia.@M
aiy7essb,a.i.pi.c.tu.resource@gmail.com,bsse7yia.@M
aiu0z2z3,a.ipi.ctu.res.ource@gmail.com,3z2z0uia.@M
aifobw32,ai.p.ic.t.u.re.source@gmail.com,23wbofia.@M
aip971wa,a.ipi.ctu.reso.urce@gmail.com,aw179pia.@M
aiftzt3d,ai.p.ic.tu.r.e.source@gmail.com,d3tztfia.@M
aior4tfs,ai.pi.cture.s.ource@gmail.com,sft4roia.@M
aise9dps,a.ipict.uresou.rce@gmail.com,spd9esia.@M
aiwfzh40,aipic.ture.sou.rce@gmail.com,04hzfwia.@M
aisg3t97,a.ip.ic.tu.resource@gmail.com,79t3gsia.@M
ai0nrcy9,aipi.c.turesource@gmail.com,9ycrn0ia.@M
ai42k4vm,ai.pi.ct.ur.esource@gmail.com,mv4k24ia.@M
aigc63en,a.ip.ict.u.r.esource@gmail.com,ne36cgia.@M
aio7nmbe,aipic.tureso.u.rce@gmail.com,ebmn7oia.@M
air4kmps,a.i.pi.ctu.re.source@gmail.com,spmk4ria.@M
aif2ffjy,aipi.ct.u.resource@gmail.com,yjff2fia.@M
ai69yll8,a.ip.i.c.t.ure.source@gmail.com,8lly96ia.@M
aiamh1iy,aip.i.ct.ure.source@gmail.com,yi1hmaia.@M
ail0t5wq,aipic.turesource@gmail.com,qw5t0lia.@M
ai3psnx2,aipic.t.uresou.rce@gmail.com,2xnsp3ia.@M
aiwre0al,aip.i.ct.ur.esource@gmail.com,la0erwia.@M
aibco809,aipictu.reso.u.rce@gmail.com,908ocbia.@M
ai1adtpf,a.i.pictur.es.ource@gmail.com,fptda1ia.@M
ai9hl4vn,aipic.t.u.re.source@gmail.com,nv4lh9ia.@M
aiyib9f0,ai.pi.c.ture.s.ource@gmail.com,0f9biyia.@M
ai48v8hd,aip.ictur.e.so.urce@gmail.com,dh8v84ia.@M
aifq8nvi,a.ip.i.c.t.ur.esource@gmail.com,ivn8qfia.@M
ai8qlzmm,aipicture.so.u.rce@gmail.com,mmzlq8ia.@M
aismnbkv,ai.p.ictures.o.urce@gmail.com,vkbnmsia.@M
air4nc5a,aip.i.c.t.uresource@gmail.com,a5cn4ria.@M
aiqxnwih,a.i.p.ic.t.uresource@gmail.com,hiwnxqia.@M
aibzgwd6,a.ipic.tu.r.es.ource@gmail.com,6dwgzbia.@M
aio0tyug,aipic.t.ure.source@gmail.com,guyt0oia.@M
aicjlm1b,a.ipicture.s.o.urce@gmail.com,b1mljcia.@M
aicdu954,a.i.pic.tu.r.e.source@gmail.com,459udcia.@M
aix3db4b,ai.pi.cturesource@gmail.com,b4bd3xia.@M
airrzdoc,a.ipi.ctur.es.ource@gmail.com,codzrria.@M
ai79ztag,ai.pict.u.res.ource@gmail.com,gatz97ia.@M
aijtuz47,a.ip.ict.u.res.ource@gmail.com,74zutjia.@M
aikopwy7,ai.pi.c.tu.r.esource@gmail.com,7ywpokia.@M
aib61bgm,aipi.c.t.ures.ource@gmail.com,mgb16bia.@M
ainlxx5x,ai.p.i.c.tu.r.esource@gmail.com,x5xxlnia.@M
aig4a7ua,aipi.cture.s.o.urce@gmail.com,au7a4gia.@M
aii5hvry,aip.i.ctu.resource@gmail.com,yrvh5iia.@M
aipiw504,a.ip.i.c.tu.re.source@gmail.com,405wipia.@M
aitucoxr,a.ip.ictureso.urce@gmail.com,rxocutia.@M
aiak43s9,a.ip.ictu.re.source@gmail.com,9s34kaia.@M
ai92v525,ai.p.ic.t.u.resource@gmail.com,525v29ia.@M
ai2t0jim,ai.p.ict.u.re.source@gmail.com,mij0t2ia.@M
ai3x40gb,ai.pic.tu.resource@gmail.com,bg04x3ia.@M
ai5eqf63,aipi.c.tu.res.ource@gmail.com,36fqe5ia.@M
aitztay4,aipictu.r.e.so.urce@gmail.com,4yatztia.@M
ai84zj3l,ai.p.i.ct.u.resource@gmail.com,l3jz48ia.@M
aidod9xc,aipict.ur.esou.rce@gmail.com,cx9dodia.@M
ai49ws12,aip.ictur.esource@gmail.com,21sw94ia.@M
ai0tbe1e,a.i.p.i.ctures.ource@gmail.com,e1ebt0ia.@M
ai5psg1g,ai.p.i.ctu.re.source@gmail.com,g1gsp5ia.@M
aittmxyd,a.ipi.ct.ures.ource@gmail.com,dyxmttia.@M
aioapzx6,aip.ictureso.u.rce@gmail.com,6xzpaoia.@M
aicsfujb,ai.pic.t.ureso.urce@gmail.com,bjufscia.@M
aiq4kc0j,aipi.ctures.ou.rce@gmail.com,j0ck4qia.@M
aiqpugsi,aipict.ure.s.o.urce@gmail.com,isgupqia.@M
ainbzkpt,a.i.p.i.ctu.resource@gmail.com,tpkzbnia.@M
ai54ct6f,ai.pic.t.ur.e.source@gmail.com,f6tc45ia.@M
ai0ykf20,ai.pi.c.t.u.resource@gmail.com,02fky0ia.@M
ainarh6y,aipictures.ource@gmail.com,y6hrania.@M
aiotw4i5,a.i.p.ictur.es.ource@gmail.com,5i4wtoia.@M
ailbv3tu,aip.ict.ure.so.urce@gmail.com,ut3vblia.@M
ai2kq6be,ai.pi.c.tur.esource@gmail.com,eb6qk2ia.@M
ai46do91,ai.pi.ctu.re.s.ource@gmail.com,19od64ia.@M
aius4673,a.ipict.u.r.esource@gmail.com,3764suia.@M
aiuz2edz,ai.p.ic.turesource@gmail.com,zde2zuia.@M
ailt6ucx,a.ipictu.r.eso.urce@gmail.com,xcu6tlia.@M
aid7cnmz,ai.p.ic.tur.esource@gmail.com,zmnc7dia.@M
aiz4fo60,aipi.c.tur.es.ource@gmail.com,06of4zia.@M
aib7j0md,a.i.picture.so.urce@gmail.com,dm0j7bia.@M
ai9sj0ux,a.i.p.i.cture.source@gmail.com,xu0js9ia.@M
aia3vgjn,aip.i.ct.u.r.e.source@gmail.com,njgv3aia.@M
ai1302nt,aipict.u.re.source@gmail.com,tn2031ia.@M
ai7gbkab,ai.pi.c.t.ures.ource@gmail.com,bakbg7ia.@M
ai8vr66c,aipic.t.u.r.es.ource@gmail.com,c66rv8ia.@M
aitd921d,a.ip.i.ctu.res.ource@gmail.com,d129dtia.@M
ai5b55iz,a.ipic.turesource@gmail.com,zi55b5ia.@M
aiywo8lk,ai.pict.uresou.rce@gmail.com,kl8owyia.@M
aiywkg37,ai.pic.t.u.res.ource@gmail.com,73gkwyia.@M
ai7x60ay,a.ip.ict.uresource@gmail.com,ya06x7ia.@M
ai3q312h,aip.icturesou.rce@gmail.com,h213q3ia.@M
aizhzn9a,a.ipi.c.t.ur.e.source@gmail.com,a9nzhzia.@M
ailezx1j,aipi.c.t.uresource@gmail.com,j1xzelia.@M
ai6k9zgp,a.ip.i.ctureso.urce@gmail.com,pgz9k6ia.@M
aipvj670,a.ipi.ct.ureso.urce@gmail.com,076jvpia.@M
aiwp2kig,aipic.tu.re.source@gmail.com,gik2pwia.@M
aikqoljx,aipi.ctu.r.es.ource@gmail.com,xjloqkia.@M
ai7x8gpy,ai.pict.u.r.es.ource@gmail.com,ypg8x7ia.@M
aisyo8j5,ai.p.i.ct.ur.e.source@gmail.com,5j8oysia.@M
ait6j07r,ai.pic.t.u.r.e.source@gmail.com,r70j6tia.@M
aike0emm,a.ipi.c.tureso.urce@gmail.com,mme0ekia.@M
ai3vb0m0,aip.ic.tur.esource@gmail.com,0m0bv3ia.@M
aiuhoz34,a.ipic.tu.r.e.source@gmail.com,43zohuia.@M
aidoy2h6,aipi.ctu.r.eso.urce@gmail.com,6h2yodia.@M
aidy4tw4,a.ipictureso.urce@gmail.com,4wt4ydia.@M
aicke09v,aipi.ctur.eso.urce@gmail.com,v90ekcia.@M
ai5wt7vg,a.i.pi.c.t.u.r.esource@gmail.com,gv7tw5ia.@M
aimg7wt2,a.i.pi.c.tu.r.esource@gmail.com,2tw7gmia.@M
ainz4f0u,aipic.turesour.ce@gmail.com,u0f4znia.@M
aipasob6,ai.p.i.ctu.r.esource@gmail.com,6bosapia.@M
aikch410,a.i.pict.u.r.e.source@gmail.com,014hckia.@M
ai4b2n2r,a.ip.i.ct.u.r.esource@gmail.com,r2n2b4ia.@M
ailq5ifw,ai.p.ictu.re.s.ource@gmail.com,wfi5qlia.@M
aid9embt,aipict.uresou.rce@gmail.com,tbme9dia.@M
ail5y450,aipic.t.ure.so.urce@gmail.com,054y5lia.@M
aicae9k3,aipict.u.re.so.urce@gmail.com,3k9eacia.@M
ai63pcd7,a.ipi.c.tur.e.source@gmail.com,7dcp36ia.@M
ai3dd301,a.i.p.i.ctu.r.esource@gmail.com,103dd3ia.@M
aig93ori,aipic.tu.r.eso.urce@gmail.com,iro39gia.@M
ailjgk8e,aip.ic.t.ureso.urce@gmail.com,e8kgjlia.@M
aig95k1l,a.ip.i.ct.u.re.source@gmail.com,l1k59gia.@M
aifbt8ej,a.ipic.t.ur.esource@gmail.com,je8tbfia.@M
aiiwa2cq,a.ip.ict.ure.s.ource@gmail.com,qc2awiia.@M
ai4dpwkt,a.ip.ictu.resource@gmail.com,tkwpd4ia.@M
ai8bzs1y,a.ipictu.res.ource@gmail.com,y1szb8ia.@M
aiwq8ab7,ai.pi.ctu.res.ource@gmail.com,7ba8qwia.@M
air7hhol,ai.pic.t.u.re.source@gmail.com,lohh7ria.@M
aimgrt3q,ai.pi.ctu.r.esource@gmail.com,q3trgmia.@M
aii5upc4,aip.ic.t.ur.es.ource@gmail.com,4cpu5iia.@M
aihqgtsw,aipicture.s.ource@gmail.com,wstgqhia.@M
aihxohsn,a.ipi.c.t.uresource@gmail.com,nshoxhia.@M
aii7fbji,aipi.cture.source@gmail.com,ijbf7iia.@M
air6ibfx,a.ip.ictures.ource@gmail.com,xfbi6ria.@M
ainp5gy4,aipictur.e.source@gmail.com,4yg5pnia.@M
airmr4wb,ai.p.ict.ur.es.ource@gmail.com,bw4rmria.@M
aik56rqn,aipi.ctureso.u.rce@gmail.com,nqr65kia.@M
aip5gni2,a.ip.ict.ur.esource@gmail.com,2ing5pia.@M
aim07u85,aip.ic.tu.re.s.ource@gmail.com,58u70mia.@M
airfvaig,a.i.pi.c.t.u.resource@gmail.com,giavfria.@M
ai78pkax,ai.pic.t.uresource@gmail.com,xakp87ia.@M
ai1c78k9,aipi.ct.ure.so.urce@gmail.com,9k87c1ia.@M
aidcd55c,a.i.p.ictu.res.ource@gmail.com,c55dcdia.@M
ai5yq1b1,a.i.pi.ct.u.resource@gmail.com,1b1qy5ia.@M
aionz92p,ai.p.ic.ture.source@gmail.com,p29znoia.@M
aix31s1m,aip.icture.s.o.urce@gmail.com,m1s13xia.@M
aibvqf8y,aipi.c.t.ur.esource@gmail.com,y8fqvbia.@M
ai6bqc77,a.ip.i.ctur.esource@gmail.com,77cqb6ia.@M
ai4erz7d,aipic.turesou.rce@gmail.com,d7zre4ia.@M
aihim07l,aipic.t.ure.s.ource@gmail.com,l70mihia.@M
aiteuvj0,aipict.ureso.urce@gmail.com,0jvuetia.@M
aittk5gf,ai.p.i.ctur.esource@gmail.com,fg5kttia.@M
aixre49m,aipi.c.tu.r.e.source@gmail.com,m94erxia.@M
aisjv8pv,aip.ictu.res.ource@gmail.com,vp8vjsia.@M
aiye8ppp,ai.p.ictu.resource@gmail.com,ppp8eyia.@M
aivk0tjy,a.ipictu.resource@gmail.com,yjt0kvia.@M
aiob8jza,a.i.pic.tur.esource@gmail.com,azj8boia.@M
aiore9se,a.ipict.u.re.s.ource@gmail.com,es9eroia.@M
aimzllxj,ai.pic.tu.re.source@gmail.com,jxllzmia.@M
aic73mt4,a.ipi.c.ture.source@gmail.com,4tm37cia.@M
ai7irfey,ai.pi.ct.ur.e.source@gmail.com,yefri7ia.@M
ain3ktya,aipictu.re.so.urce@gmail.com,aytk3nia.@M
aidcbyve,ai.pi.c.tur.es.ource@gmail.com,evybcdia.@M
ai6tfxom,aipi.c.tur.e.s.ource@gmail.com,moxft6ia.@M
airc9m7d,aipictu.resour.ce@gmail.com,d7m9cria.@M
aisehgv7,a.ip.ic.t.ur.esource@gmail.com,7vghesia.@M
ailbhd50,ai.pi.c.t.ur.e.source@gmail.com,05dhblia.@M
aijwt5v5,a.ip.ic.tur.e.source@gmail.com,5v5twjia.@M
aiflbvir,aip.ictu.r.e.s.ource@gmail.com,rivblfia.@M
aizi495g,aipic.t.ures.o.urce@gmail.com,g594izia.@M
ai1if4ec,a.ipi.c.tu.re.source@gmail.com,ce4fi1ia.@M
ait4bjcd,ai.pi.ctur.eso.urce@gmail.com,dcjb4tia.@M
ai3cxbqh,aipi.ct.u.reso.urce@gmail.com,hqbxc3ia.@M
ai3wedbj,a.ipi.c.tu.res.ource@gmail.com,jbdew3ia.@M
aihk3no0,aipictur.es.ource@gmail.com,0on3khia.@M
aiybxy62,aipi.ct.ur.es.ource@gmail.com,26yxbyia.@M
ai3t74py,ai.pi.ct.u.res.ource@gmail.com,yp47t3ia.@M
aisyx4ic,a.ipic.tures.o.urce@gmail.com,ci4xysia.@M
aiau75t0,aip.ic.tu.res.ource@gmail.com,0t57uaia.@M
ai25hx1z,a.ipi.c.turesource@gmail.com,z1xh52ia.@M
aiiilynd,ai.p.icture.source@gmail.com,dnyliiia.@M
aij22eb5,aipic.tu.r.es.ource@gmail.com,5be22jia.@M
aisr0619,aip.ic.tures.ource@gmail.com,9160rsia.@M
aicw9onf,a.i.pict.ur.es.ource@gmail.com,fno9wcia.@M
aifhej3u,a.ipic.tur.esource@gmail.com,u3jehfia.@M
aioemmaq,a.i.pict.ures.ource@gmail.com,qammeoia.@M
aioz9atx,a.ipi.ct.ur.e.source@gmail.com,xta9zoia.@M
aica3ihh,aip.i.c.tu.r.e.source@gmail.com,hhi3acia.@M
aiql6m5o,aipic.t.ur.e.source@gmail.com,o5m6lqia.@M
aiy4t7yr,aipictur.e.s.o.urce@gmail.com,ry7t4yia.@M
aiw6c9s5,aipi.c.tures.ource@gmail.com,5s9c6wia.@M
aiihie35,aipictu.r.eso.urce@gmail.com,53eihiia.@M
aimpilrd,a.ip.ictur.e.s.ource@gmail.com,drlipmia.@M
ai46t502,ai.p.i.c.tur.e.source@gmail.com,205t64ia.@M
aikjene4,ai.p.i.c.t.ure.source@gmail.com,4enejkia.@M
aixc9bio,aipictu.r.esou.rce@gmail.com,oib9cxia.@M
aiaw7z1b,a.i.pic.ture.s.ource@gmail.com,b1z7waia.@M
aiaj7u42,ai.pi.cture.source@gmail.com,24u7jaia.@M
ail5n2ly,aipictur.eso.urce@gmail.com,yl2n5lia.@M
ai0n8ekv,a.i.p.ic.tur.e.source@gmail.com,vke8n0ia.@M
aiwgbxlu,aip.ictur.esou.rce@gmail.com,ulxbgwia.@M
aio15two,aip.ict.u.r.es.ource@gmail.com,owt51oia.@M
ai75vq2k,a.i.pictur.eso.urce@gmail.com,k2qv57ia.@M
aino7eb3,aipi.c.ture.source@gmail.com,3be7onia.@M
aiwzntx4,a.ipi.ctu.r.esource@gmail.com,4xtnzwia.@M
aiudz24e,ai.p.ic.tures.ource@gmail.com,e42zduia.@M
aijzn6jz,a.i.pi.ctur.e.source@gmail.com,zj6nzjia.@M
aifxgbws,ai.pi.ctur.e.s.ource@gmail.com,swbgxfia.@M
aiygph2g,a.ip.i.cturesource@gmail.com,g2hpgyia.@M
aimnmzw0,ai.p.i.cture.s.ource@gmail.com,0wzmnmia.@M
ai21zjh3,ai.p.i.c.tu.resource@gmail.com,3hjz12ia.@M
ais5245w,aip.i.cturesou.rce@gmail.com,w5425sia.@M
ai4503dc,a.i.pic.t.ure.source@gmail.com,cd3054ia.@M
aijz4jxn,a.i.pic.tur.e.source@gmail.com,nxj4zjia.@M
aimqldaw,a.ipi.ctu.r.es.ource@gmail.com,wadlqmia.@M
aiejg5ox,a.i.p.ict.ur.e.source@gmail.com,xo5gjeia.@M
aiec0jvv,ai.pict.ur.esource@gmail.com,vvj0ceia.@M
aizd9pnk,ai.pictu.resou.rce@gmail.com,knp9dzia.@M
aihmfkol,a.i.p.i.c.tur.esource@gmail.com,lokfmhia.@M
aif7rous,ai.p.ic.ture.s.ource@gmail.com,suor7fia.@M
aiq6rro0,a.ip.icture.so.urce@gmail.com,0orr6qia.@M
ai6uk3ku,a.i.pi.ctu.res.ource@gmail.com,uk3ku6ia.@M
aitiuqjb,a.ip.ic.tu.r.esource@gmail.com,bjquitia.@M
aizljybi,aipict.uresour.ce@gmail.com,ibyjlzia.@M
aisocd8f,a.ip.i.cture.s.ource@gmail.com,f8dcosia.@M
aigkkpf6,ai.p.i.c.tures.ource@gmail.com,6fpkkgia.@M
aif0bb9u,ai.pi.ct.uresource@gmail.com,u9bb0fia.@M
ai1ivj5d,ai.picture.s.o.urce@gmail.com,d5jvi1ia.@M
aihp8wwx,aip.i.c.tureso.urce@gmail.com,xww8phia.@M
aityqd9w,ai.p.ictu.reso.urce@gmail.com,w9dqytia.@M
aiaz0qyt,a.ipic.tur.e.s.ource@gmail.com,tyq0zaia.@M
aiasxk67,a.i.p.i.ct.uresource@gmail.com,76kxsaia.@M
aik84zrb,aipi.c.tur.eso.urce@gmail.com,brz48kia.@M
aig6rx0n,a.i.pi.c.t.ur.esource@gmail.com,n0xr6gia.@M
aiskgy5j,ai.p.i.ctu.resource@gmail.com,j5ygksia.@M
aioykiiv,ai.pi.cture.so.urce@gmail.com,viikyoia.@M
aiiyynpe,a.ipicture.source@gmail.com,epnyyiia.@M
aip30rls,aipi.c.tu.r.esource@gmail.com,slr03pia.@M
aimjaec1,ai.pictur.e.source@gmail.com,1ceajmia.@M
aiei5oh5,aipictu.r.e.source@gmail.com,5ho5ieia.@M
aikcggbe,a.ipict.ures.o.urce@gmail.com,ebggckia.@M
aifyprjy,a.ipi.ct.ure.s.ource@gmail.com,yjrpyfia.@M
aibezfjr,a.ipict.u.re.source@gmail.com,rjfzebia.@M
aichxd2u,a.ipic.turesou.rce@gmail.com,u2dxhcia.@M
aidcwdq6,ai.p.i.ct.u.re.source@gmail.com,6qdwcdia.@M
ai7pinmb,ai.p.i.c.tu.re.source@gmail.com,bmnip7ia.@M
ai04yvbo,aipi.ctu.reso.urce@gmail.com,obvy40ia.@M
ai2xvsbl,ai.pi.ctu.reso.urce@gmail.com,lbsvx2ia.@M
airo3zci,ai.p.ictu.re.source@gmail.com,icz3oria.@M
aivl2y25,aip.i.ct.ur.e.source@gmail.com,52y2lvia.@M
aishan0d,a.ipi.c.tu.r.e.source@gmail.com,d0nahsia.@M
ai5efuy5,aipict.ur.e.s.ource@gmail.com,5yufe5ia.@M
aileiiay,a.ipictureso.u.rce@gmail.com,yaiielia.@M
ail88nw4,a.ip.i.ct.ur.esource@gmail.com,4wn88lia.@M
ai1uieuw,aip.i.c.t.ure.source@gmail.com,wueiu1ia.@M
ai9wvezr,ai.pictur.e.so.urce@gmail.com,rzevw9ia.@M
aigyfds4,aip.i.ctu.r.e.source@gmail.com,4sdfygia.@M
aikchkag,a.i.p.ic.tu.re.source@gmail.com,gakhckia.@M
ai5nlfks,a.i.pict.uresource@gmail.com,skfln5ia.@M
ai5gtxpp,a.ipic.tu.re.source@gmail.com,ppxtg5ia.@M
ai3zlgdy,a.i.p.i.ct.u.resource@gmail.com,ydglz3ia.@M
ait2a1j3,a.ip.i.ctu.r.e.source@gmail.com,3j1a2tia.@M
airmypo0,a.ip.ic.turesource@gmail.com,0opymria.@M
aij6creq,aip.ictu.r.eso.urce@gmail.com,qerc6jia.@M
aisao5u8,ai.p.ic.tu.re.source@gmail.com,8u5oasia.@M
aiftrora,aipic.ture.s.ource@gmail.com,arortfia.@M
ai3qbtsk,aip.i.c.tur.es.ource@gmail.com,kstbq3ia.@M
aix6v4na,ai.pi.ctures.ource@gmail.com,an4v6xia.@M
ai7pvg70,a.i.p.icturesource@gmail.com,07gvp7ia.@M
aijogpoj,a.ipic.t.u.res.ource@gmail.com,jopgojia.@M
aidsbmxk,aipic.tur.es.o.urce@gmail.com,kxmbsdia.@M
aih1067b,a.i.pictu.r.es.ource@gmail.com,b7601hia.@M
airbdrnv,aipictu.re.sou.rce@gmail.com,vnrdbria.@M
aiziciqi,a.ipicture.sou.rce@gmail.com,iqicizia.@M
aik1bru7,aipic.t.uresource@gmail.com,7urb1kia.@M
aifepqdc,a.ip.ictu.r.esource@gmail.com,cdqpefia.@M
ai82v48g,aipict.u.r.es.ource@gmail.com,g84v28ia.@M
aiouicfr,a.i.pict.u.re.source@gmail.com,rfciuoia.@M
ai49lmzy,aipi.ct.ur.esource@gmail.com,yzml94ia.@M
aismct8o,aip.i.c.ture.source@gmail.com,o8tcmsia.@M
aio170r0,aipi.ctu.res.o.urce@gmail.com,0r071oia.@M
ai7pnqu3,aip.ic.turesource@gmail.com,3uqnp7ia.@M
aibxlup8,a.i.pic.ture.source@gmail.com,8pulxbia.@M
aicu6880,ai.pict.ures.o.urce@gmail.com,0886ucia.@M
ai1h5evi,aipic.t.ur.esource@gmail.com,ive5h1ia.@M
ai5v8lbu,a.i.pic.tu.r.esource@gmail.com,ubl8v5ia.@M
aioh4xtu,aip.ictur.eso.urce@gmail.com,utx4hoia.@M
aikhdqge,aipic.t.u.reso.urce@gmail.com,egqdhkia.@M
aig17q1h,a.ipicture.s.ource@gmail.com,h1q71gia.@M
ai4suife,ai.p.ic.t.ur.e.source@gmail.com,efius4ia.@M
aim73ati,a.i.pict.ure.source@gmail.com,ita37mia.@M
aihe1lb5,a.ipict.ureso.urce@gmail.com,5bl1ehia.@M
ait5u4xu,ai.pi.ctu.r.e.source@gmail.com,ux4u5tia.@M
ai0q6mgo,aip.i.ct.u.re.source@gmail.com,ogm6q0ia.@M
aimv9mx3,a.i.pi.c.tures.ource@gmail.com,3xm9vmia.@M
aig7m0u4,aipict.uresource@gmail.com,4u0m7gia.@M
ai1o25zw,ai.pictures.ou.rce@gmail.com,wz52o1ia.@M
ai3yzmq4,a.ip.i.cture.source@gmail.com,4qmzy3ia.@M
ai383dh9,a.i.p.ictureso.urce@gmail.com,9hd383ia.@M
aipq8klf,aipi.ctu.res.ource@gmail.com,flk8qpia.@M
aipd60o3,aip.ict.u.res.ource@gmail.com,3o06dpia.@M
ai95gjht,aipi.ct.ures.o.urce@gmail.com,thjg59ia.@M
aiqgcdse,aip.ict.uresource@gmail.com,esdcgqia.@M
ais2icbe,a.ipicturesour.ce@gmail.com,ebci2sia.@M
aixm0ypo,ai.p.ic.tu.r.esource@gmail.com,opy0mxia.@M
ai0ryqm9,ai.p.icture.so.urce@gmail.com,9mqyr0ia.@M
aisxar3d,ai.pictu.r.e.source@gmail.com,d3raxsia.@M
aibsv502,aip.i.ctu.re.source@gmail.com,205vsbia.@M
ai69laqa,aipict.u.r.e.source@gmail.com,aqal96ia.@M
ai88sg0b,ai.pi.c.tures.ource@gmail.com,b0gs88ia.@M
aiwhh3l3,aipicturesou.rce@gmail.com,3l3hhwia.@M
aif5e1mj,a.ipi.ct.ure.source@gmail.com,jm1e5fia.@M
aiacavdx,ai.pi.ctu.r.es.ource@gmail.com,xdvacaia.@M
aimrcj6t,ai.pic.tur.es.ource@gmail.com,t6jcrmia.@M
ain2wgtc,a.ipict.ure.source@gmail.com,ctgw2nia.@M
ai46uxnq,a.ip.icture.s.ource@gmail.com,qnxu64ia.@M
aiwgs6id,aipict.ure.so.urce@gmail.com,di6sgwia.@M
ainv7xaf,a.i.p.ict.ure.source@gmail.com,fax7vnia.@M
aizf6l56,aipictu.reso.urce@gmail.com,65l6fzia.@M
ailkvhy3,a.ip.i.ctu.r.esource@gmail.com,3yhvklia.@M
ai45kwzi,a.ipi.c.t.ur.esource@gmail.com,izwk54ia.@M
ai9zvtuq,aip.i.c.tu.r.esource@gmail.com,qutvz9ia.@M
ai9ra4f9,aipi.ct.u.r.e.source@gmail.com,9f4ar9ia.@M
aidvghvj,ai.pic.tures.o.urce@gmail.com,jvhgvdia.@M
ai84mbzz,a.ip.i.c.tu.resource@gmail.com,zzbm48ia.@M
ai0h15i5,a.ipic.t.ur.e.source@gmail.com,5i51h0ia.@M
aifltmpz,aipic.tures.ource@gmail.com,zpmtlfia.@M
ai5pne9r,aipi.ct.u.r.esource@gmail.com,r9enp5ia.@M
airl5f17,a.i.p.ic.ture.source@gmail.com,71f5lria.@M
aiddo84b,ai.pict.ur.es.ource@gmail.com,b48oddia.@M
aik8zy68,a.ipi.c.t.u.resource@gmail.com,86yz8kia.@M
aigoo4jv,aip.i.c.t.u.re.source@gmail.com,vj4oogia.@M
aicmkehe,aipi.ct.u.r.es.ource@gmail.com,ehekmcia.@M
ai0tqvmh,ai.p.ictureso.urce@gmail.com,hmvqt0ia.@M
aifvbnq6,ai.pic.t.ur.es.ource@gmail.com,6qnbvfia.@M
aicwr95p,ai.p.i.c.t.ur.esource@gmail.com,p59rwcia.@M
aikhnuwu,a.ipi.ctur.esource@gmail.com,uwunhkia.@M
aimwklzc,a.ip.ictur.eso.urce@gmail.com,czlkwmia.@M
aiix2jhc,ai.p.ic.t.ur.esource@gmail.com,chj2xiia.@M
aimg5yh3,a.i.picturesou.rce@gmail.com,3hy5gmia.@M
aifixugl,ai.pictu.r.e.s.ource@gmail.com,lguxifia.@M
aiks2w12,aip.ict.uresou.rce@gmail.com,21w2skia.@M
aipoanu6,a.ipi.ct.uresource@gmail.com,6unaopia.@M
aiiqqfzd,a.ip.ic.t.ur.e.source@gmail.com,dzfqqiia.@M
aix7ph0z,ai.pictureso.u.rce@gmail.com,z0hp7xia.@M
aidf0ri2,ai.p.ict.ures.ource@gmail.com,2ir0fdia.@M
ai63wo1d,aipictur.esour.ce@gmail.com,d1ow36ia.@M
aitlrl2b,a.i.pi.ctur.es.ource@gmail.com,b2lrltia.@M
ai4mclo4,a.ipi.c.t.ure.source@gmail.com,4olcm4ia.@M
ainy0rr4,aipi.ct.ure.s.ource@gmail.com,4rr0ynia.@M
ai95x4tc,aip.ic.tu.re.source@gmail.com,ct4x59ia.@M
aiyl1q8i,aipict.ures.ource@gmail.com,i8q1lyia.@M
aik86zqe,ai.p.ic.tureso.urce@gmail.com,eqz68kia.@M
aiuolf03,a.i.pic.t.ures.ource@gmail.com,30flouia.@M
ai60g717,a.i.pi.ct.u.r.esource@gmail.com,717g06ia.@M
aiplm5oc,aipictur.e.so.urce@gmail.com,co5mlpia.@M
aioaoler,a.i.p.ictures.ource@gmail.com,reloaoia.@M
aiqesdwz,aipictur.esource@gmail.com,zwdseqia.@M
aiq7ceb2,ai.pict.ure.source@gmail.com,2bec7qia.@M
aip96gg7,ai.pic.tur.e.s.ource@gmail.com,7gg69pia.@M
aicb0p2h,a.i.pic.tureso.urce@gmail.com,h2p0bcia.@M
aiz29sef,a.ip.ictu.r.e.source@gmail.com,fes92zia.@M
aite1t15,a.ip.ict.u.re.source@gmail.com,51t1etia.@M
ai15pf7v,aip.ict.ur.eso.urce@gmail.com,v7fp51ia.@M
aia2xiw7,ai.pi.c.t.ure.source@gmail.com,7wix2aia.@M
ainf5xfj,aipic.tur.esou.rce@gmail.com,jfx5fnia.@M
aiqs1cfj,aipictu.re.s.o.urce@gmail.com,jfc1sqia.@M
ait2ivdi,a.i.pi.c.t.uresource@gmail.com,idvi2tia.@M
aind501l,a.ip.i.c.t.uresource@gmail.com,l105dnia.@M
ainbz63k,aip.ict.u.re.s.ource@gmail.com,k36zbnia.@M
aix6tqe8,a.ip.ic.tureso.urce@gmail.com,8eqt6xia.@M
aip5u51y,aipi.c.tureso.urce@gmail.com,y15u5pia.@M
aild8u4v,a.i.p.i.cturesource@gmail.com,v4u8dlia.@M
aibb5ad7,ai.pi.ctu.resource@gmail.com,7da5bbia.@M
ai7zoao3,ai.p.ict.ure.s.ource@gmail.com,3oaoz7ia.@M
ailjw6sx,aipi.ct.u.re.s.ource@gmail.com,xs6wjlia.@M
ai8xdbwv,a.i.pictu.re.source@gmail.com,vwbdx8ia.@M
ai8bmtbr,a.ipi.ctu.re.source@gmail.com,rbtmb8ia.@M
aip6xzhi,ai.pic.ture.s.ource@gmail.com,ihzx6pia.@M
aih92pc3,a.i.p.i.c.ture.source@gmail.com,3cp29hia.@M
aim2lugo,a.ipictur.es.ource@gmail.com,ogul2mia.@M
aieism2w,a.ip.i.ctu.re.source@gmail.com,w2msieia.@M
ainvg1hb,ai.pic.tu.r.e.source@gmail.com,bh1gvnia.@M
ai240cd2,aipicturesour.ce@gmail.com,2dc042ia.@M
ailntosf,a.ipic.t.u.resource@gmail.com,fsotnlia.@M
ai8prw56,a.i.pict.ur.e.source@gmail.com,65wrp8ia.@M
ai6nxx7n,ai.pic.tur.e.source@gmail.com,n7xxn6ia.@M
airdaw3p,aipi.ctur.esource@gmail.com,p3wadria.@M
aiv08rmx,aipic.tu.reso.urce@gmail.com,xmr80via.@M
aiksblzb,aipi.c.t.ure.source@gmail.com,bzlbskia.@M
aix5vy17,a.i.pi.c.turesource@gmail.com,71yv5xia.@M
aijxtpie,a.ip.i.ctur.es.ource@gmail.com,eiptxjia.@M
aiza2sex,a.ipicturesource@gmail.com,xes2azia.@M
ai29e99s,aipi.ct.ure.source@gmail.com,s99e92ia.@M
aipxzaeo,a.ip.ict.u.resource@gmail.com,oeazxpia.@M
aivc0sri,aipi.c.tu.reso.urce@gmail.com,irs0cvia.@M
aiuzr5zb,aip.i.ct.ureso.urce@gmail.com,bz5rzuia.@M
airdm61k,aipict.ur.esource@gmail.com,k16mdria.@M
ai4yg84x,a.ip.i.ct.uresource@gmail.com,x48gy4ia.@M
aif82n0e,aipi.ct.uresource@gmail.com,e0n28fia.@M
aijv45e8,a.ipic.tur.e.source@gmail.com,8e54vjia.@M
ailaltp8,aipi.ct.u.re.source@gmail.com,8ptlalia.@M
aidjtrjv,aipi.ctur.e.source@gmail.com,vjrtjdia.@M
ai2rhgd4,aip.i.c.tu.res.ource@gmail.com,4dghr2ia.@M
ai0oz96b,a.ip.ictures.o.urce@gmail.com,b69zo0ia.@M
aiaki7xj,aipicture.so.urce@gmail.com,jx7ikaia.@M
ai3r6m4p,a.i.p.ict.u.re.source@gmail.com,p4m6r3ia.@M
ai3fc9bb,aip.i.c.tu.re.source@gmail.com,bb9cf3ia.@M
ai6w3i1j,ai.pictur.es.ource@gmail.com,j1i3w6ia.@M
aittnndc,ai.pi.ctures.o.urce@gmail.com,cdnnttia.@M
aiu47wkh,a.ip.i.c.tur.e.source@gmail.com,hkw74uia.@M
aibrfuzv,a.ipi.ct.ur.es.ource@gmail.com,vzufrbia.@M
aiztt8h9,a.ipict.ur.eso.urce@gmail.com,9h8ttzia.@M
ai2vosb4,aipi.c.t.ureso.urce@gmail.com,4bsov2ia.@M
ain99xuz,ai.pictur.eso.urce@gmail.com,zux99nia.@M
airc9m2o,a.ip.i.c.tur.esource@gmail.com,o2m9cria.@M
ai2udud3,ai.p.ict.u.r.e.source@gmail.com,3dudu2ia.@M
aibnp4s0,a.ipi.ct.u.re.source@gmail.com,0s4pnbia.@M
ai4zkzuh,aipi.c.t.u.r.esource@gmail.com,huzkz4ia.@M
airmg5zh,ai.pi.ctureso.urce@gmail.com,hz5gmria.@M
aiy6i3yu,a.ipic.t.uresource@gmail.com,uy3i6yia.@M
ai9ijw5b,aipic.t.ur.es.ource@gmail.com,b5wji9ia.@M
aih9y18l,a.i.p.ictu.r.e.source@gmail.com,l81y9hia.@M
ai12xy3v,a.ip.ic.ture.source@gmail.com,v3yx21ia.@M
ai6bb0q7,aipict.ur.es.o.urce@gmail.com,7q0bb6ia.@M
aigcaqh2,a.i.p.ictur.e.source@gmail.com,2hqacgia.@M
aiqvai9k,ai.pictu.re.so.urce@gmail.com,k9iavqia.@M
ai18zuv5,ai.p.icturesou.rce@gmail.com,5vuz81ia.@M
ai59iwy7,aipi.c.t.u.r.e.source@gmail.com,7ywi95ia.@M
ai5x3ck4,aipic.tu.r.e.s.ource@gmail.com,4kc3x5ia.@M
aim6dob1,aip.ictu.r.e.source@gmail.com,1bod6mia.@M
aizlbb6n,a.i.p.i.c.t.uresource@gmail.com,n6bblzia.@M
aiuvn08l,a.ip.icturesource@gmail.com,l80nvuia.@M
ai1r45ap,ai.pic.t.u.r.esource@gmail.com,pa54r1ia.@M
aic37u7e,aipi.cturesou.rce@gmail.com,e7u73cia.@M
aiaozeyh,ai.pictur.e.s.ource@gmail.com,hyezoaia.@M
aimnz6kp,a.i.pictureso.urce@gmail.com,pk6znmia.@M
aick3of1,a.ipi.c.tu.r.esource@gmail.com,1fo3kcia.@M
airgqqh6,aip.i.c.t.ures.ource@gmail.com,6hqqgria.@M
aitm2n1w,aip.ict.u.r.e.source@gmail.com,w1n2mtia.@M
aiix1t4u,aipi.c.tur.e.source@gmail.com,u4t1xiia.@M
aio8ecwr,ai.pict.u.re.source@gmail.com,rwce8oia.@M
ai4bsz80,aip.ic.t.u.res.ource@gmail.com,08zsb4ia.@M
ai28okt8,ai.pic.tu.reso.urce@gmail.com,8tko82ia.@M
aiy47ab5,aip.ict.u.r.esource@gmail.com,5ba74yia.@M
ai4e52lu,a.ip.ict.ur.e.source@gmail.com,ul25e4ia.@M
aiwdzbe1,aipic.t.ureso.urce@gmail.com,1ebzdwia.@M
aibm6sam,a.ipictures.ource@gmail.com,mas6mbia.@M
ai4mgnop,ai.pic.turesource@gmail.com,pongm4ia.@M
aisgohy9,ai.pi.ctur.esource@gmail.com,9yhogsia.@M
ai3aj4yr,a.ip.icturesou.rce@gmail.com,ry4ja3ia.@M
airovb45,ai.p.ic.tu.resource@gmail.com,54bvoria.@M
aixmy13l,a.i.pic.t.ur.e.source@gmail.com,l31ymxia.@M
aiw70nrn,ai.p.i.ct.u.r.esource@gmail.com,nrn07wia.@M
aic94jsv,ai.pi.ct.u.r.esource@gmail.com,vsj49cia.@M
aie3a5df,aipict.ur.e.source@gmail.com,fd5a3eia.@M
aizj4p4f,ai.pictu.res.o.urce@gmail.com,f4p4jzia.@M
aibc2knx,a.ipi.ct.ur.esource@gmail.com,xnk2cbia.@M
aib9t3ax,a.ip.ic.t.ures.ource@gmail.com,xa3t9bia.@M
aim7ah3a,ai.pi.c.t.u.re.source@gmail.com,a3ha7mia.@M
ai0cgr50,aipi.c.tures.o.urce@gmail.com,05rgc0ia.@M
ainucaex,aip.ict.ur.e.s.ource@gmail.com,xeacunia.@M
aiyw046k,aipi.c.ture.s.ource@gmail.com,k640wyia.@M
aivznk57,ai.pic.tureso.urce@gmail.com,75knzvia.@M
aibcroxt,aip.ictur.es.ource@gmail.com,txorcbia.@M
aih28whb,ai.p.ictur.es.ource@gmail.com,bhw82hia.@M
aifykdxu,aip.ic.t.ures.ource@gmail.com,uxdkyfia.@M
airrjt84,aip.ic.tures.o.urce@gmail.com,48tjrria.@M
ai4h3k7g,aipi.c.t.u.resource@gmail.com,g7k3h4ia.@M
ai75frb4,ai.p.i.ct.ure.source@gmail.com,4brf57ia.@M
ai8oom5l,aipic.t.ures.ource@gmail.com,l5moo8ia.@M
ai4ak6ci,a.i.picture.s.ource@gmail.com,ic6ka4ia.@M
aidm3xs1,ai.pict.ur.e.s.ource@gmail.com,1sx3mdia.@M
ai67l0a2,aip.ictureso.urce@gmail.com,2a0l76ia.@M
aidsqvif,ai.pi.ct.u.resource@gmail.com,fivqsdia.@M
aioqs4cu,aip.ic.t.u.r.esource@gmail.com,uc4sqoia.@M
aihwmvko,a.i.p.i.c.tu.resource@gmail.com,okvmwhia.@M
ait5vbnq,aip.ic.ture.s.ource@gmail.com,qnbv5tia.@M
aind368o,ai.pi.ct.ures.ource@gmail.com,o863dnia.@M
aiz5pms8,a.i.pic.tu.res.ource@gmail.com,8smp5zia.@M
ai3091dr,aipi.ctu.re.s.ource@gmail.com,rd1903ia.@M
aid3ment,aip.ic.ture.source@gmail.com,tnem3dia.@M
ai069no7,aip.i.c.ture.s.ource@gmail.com,7on960ia.@M
ailsq1cq,aipi.c.tu.r.es.ource@gmail.com,qc1qslia.@M
aif71ust,aipi.cturesour.ce@gmail.com,tsu17fia.@M
ai3d3ppr,a.ip.i.c.t.u.r.esource@gmail.com,rpp3d3ia.@M
aibowdke,aipi.cture.s.ource@gmail.com,ekdwobia.@M
ai4oup2l,aipictu.res.ou.rce@gmail.com,l2puo4ia.@M
aiudetyi,aipic.tur.e.s.ource@gmail.com,iyteduia.@M
aig3wee3,a.ipict.ures.ource@gmail.com,3eew3gia.@M
aijxqsx8,aipict.u.res.o.urce@gmail.com,8xsqxjia.@M
aif11f7f,a.ip.ictu.r.es.ource@gmail.com,f7f11fia.@M
ai33ufp3,ai.p.i.c.tur.esource@gmail.com,3pfu33ia.@M
aip9567x,a.ipic.t.u.r.e.source@gmail.com,x7659pia.@M
ait94i46,aipi.ct.ur.e.s.ource@gmail.com,64i49tia.@M
ai6z364f,aip.ictures.ource@gmail.com,f463z6ia.@M
aij9h5n7,a.ipictu.reso.urce@gmail.com,7n5h9jia.@M
aie1ehfm,ai.pi.c.tur.e.source@gmail.com,mfhe1eia.@M
aiz0imww,aipic.tur.esource@gmail.com,wwmi0zia.@M
aiqrsn4q,ai.pic.ture.source@gmail.com,q4nsrqia.@M
ai9f9akx,a.i.pict.ure.s.ource@gmail.com,xka9f9ia.@M
ai27q6u9,ai.pi.ct.ur.es.ource@gmail.com,9u6q72ia.@M
aif78vqo,a.i.pi.cture.s.ource@gmail.com,oqv87fia.@M
ai0p5uk6,aipictures.o.u.rce@gmail.com,6ku5p0ia.@M
ai5xi9cr,a.ipictures.o.urce@gmail.com,rc9ix5ia.@M
ai6u3fsy,a.i.pictur.e.s.ource@gmail.com,ysf3u6ia.@M
ai1kkpfd,a.ipict.u.resource@gmail.com,dfpkk1ia.@M
ai1o8nge,a.i.pic.tures.ource@gmail.com,egn8o1ia.@M
ai4vklnf,aipict.ureso.u.rce@gmail.com,fnlkv4ia.@M
ai8v3yvn,a.ipi.cture.so.urce@gmail.com,nvy3v8ia.@M
aisp7zbr,ai.pictu.r.eso.urce@gmail.com,rbz7psia.@M
ai18iygo,aipic.tu.res.o.urce@gmail.com,ogyi81ia.@M
aio6346d,aip.ict.ureso.urce@gmail.com,d6436oia.@M
air24lbs,ai.pi.ct.ure.s.ource@gmail.com,sbl42ria.@M
aiiugaqg,ai.pi.ct.ureso.urce@gmail.com,gqaguiia.@M
aizqhxmk,aip.ictu.r.es.ource@gmail.com,kmxhqzia.@M
aizxl3hh,a.i.pict.ureso.urce@gmail.com,hh3lxzia.@M
aiyqikzl,ai.pi.c.tu.re.source@gmail.com,lzkiqyia.@M
aicoma0e,aipictur.es.o.urce@gmail.com,e0amocia.@M
aiqcqgzk,a.ipictu.resou.rce@gmail.com,kzgqcqia.@M
aij1494j,a.i.pi.c.t.ure.source@gmail.com,j4941jia.@M
ain8thz4,ai.picturesou.rce@gmail.com,4zht8nia.@M
ai3by9wz,a.ipic.tu.re.s.ource@gmail.com,zw9yb3ia.@M
ai5qd798,ai.p.ictur.esource@gmail.com,897dq5ia.@M
ai414ole,aipi.ctur.e.s.ource@gmail.com,elo414ia.@M
ai5knhbz,ai.p.i.c.t.u.r.esource@gmail.com,zbhnk5ia.@M
aiy88g4z,ai.p.ic.t.ures.ource@gmail.com,z4g88yia.@M
aimjsht9,aip.i.c.tur.esource@gmail.com,9thsjmia.@M
ai385fjc,a.i.p.i.ctur.esource@gmail.com,cjf583ia.@M
aii5wpk8,aipic.tu.resource@gmail.com,8kpw5iia.@M
aii8xz1i,a.ip.ic.t.u.resource@gmail.com,i1zx8iia.@M
aioaopcv,aipictur.e.s.ource@gmail.com,vcpoaoia.@M
aie2e6f4,ai.p.ict.u.res.ource@gmail.com,4f6e2eia.@M
aic1c4is,a.ipictur.es.o.urce@gmail.com,si4c1cia.@M
ai6h5d9r,ai.picturesource@gmail.com,r9d5h6ia.@M
ai2zj52i,ai.p.i.ctur.es.ource@gmail.com,i25jz2ia.@M
aim0ov25,aip.i.cture.so.urce@gmail.com,52vo0mia.@M
ai82i0zy,aipic.t.u.re.s.ource@gmail.com,yz0i28ia.@M
ai5yr3ya,ai.p.ict.ureso.urce@gmail.com,ay3ry5ia.@M
aizhivpa,ai.p.ic.t.ure.source@gmail.com,apvihzia.@M
aif3o34j,ai.pi.c.tu.resource@gmail.com,j43o3fia.@M
ai1qz6cd,ai.p.ict.u.resource@gmail.com,dc6zq1ia.@M
aipar0es,ai.pict.ure.s.ource@gmail.com,se0rapia.@M
ai5f75kx,a.i.pi.ctu.r.esource@gmail.com,xk57f5ia.@M
aibomvcz,a.i.pi.ct.ures.ource@gmail.com,zcvmobia.@M
ai2r86xr,a.ipic.t.ure.source@gmail.com,rx68r2ia.@M
aimt01h9,aip.ictur.e.s.ource@gmail.com,9h10tmia.@M
ai7kai01,a.ipic.tures.ource@gmail.com,10iak7ia.@M
aixj4dpo,aipict.u.r.esource@gmail.com,opd4jxia.@M
aiq2co1j,ai.p.i.c.t.uresource@gmail.com,j1oc2qia.@M
aimzuzxh,a.i.pictu.res.ource@gmail.com,hxzuzmia.@M
ait27dg0,a.ipict.ur.e.s.ource@gmail.com,0gd72tia.@M
aitzv8xv,a.ipic.ture.so.urce@gmail.com,vx8vztia.@M
aiq5uz4w,ai.pic.tur.eso.urce@gmail.com,w4zu5qia.@M
ai340idb,a.i.pi.c.tur.esource@gmail.com,bdi043ia.@M
aicdhx91,aip.i.cture.source@gmail.com,19xhdcia.@M
aig8t16t,a.i.pictures.o.urce@gmail.com,t61t8gia.@M
ai5yt4yh,aip.i.ct.u.r.esource@gmail.com,hy4ty5ia.@M
ailm67jm,a.ipic.tu.r.esource@gmail.com,mj76mlia.@M
aid15nza,ai.pi.c.tu.res.ource@gmail.com,azn51dia.@M
ai7w8hsg,a.i.pictu.reso.urce@gmail.com,gsh8w7ia.@M
aiyg9h8m,aipi.ctu.re.source@gmail.com,m8h9gyia.@M
aitm7sna,aipict.ur.eso.urce@gmail.com,ans7mtia.@M
aitpisak,ai.pic.tur.esource@gmail.com,kasiptia.@M
ai5eqo40,a.ip.ictur.e.source@gmail.com,04oqe5ia.@M
aire3ais,a.ipict.u.reso.urce@gmail.com,sia3eria.@M
ai29j75l,aipi.ct.ur.e.source@gmail.com,l57j92ia.@M
aipdz5gl,aipict.ures.ou.rce@gmail.com,lg5zdpia.@M
aiuk3k3q,ai.p.ictu.r.e.source@gmail.com,q3k3kuia.@M
aif8iefq,a.ip.ic.tu.res.ource@gmail.com,qfei8fia.@M
aik6euvw,a.ipicture.so.urce@gmail.com,wvue6kia.@M
aikmee15,aipictu.r.es.ource@gmail.com,51eemkia.@M
ai5bx3tr,ai.p.ictu.res.ource@gmail.com,rt3xb5ia.@M
aijxko78,aip.ict.ures.ource@gmail.com,87okxjia.@M
aicbrx7l,a.ipictu.r.esource@gmail.com,l7xrbcia.@M
aiq4bqcf,aip.i.ct.uresource@gmail.com,fcqb4qia.@M
aizl1hrt,a.ipict.ur.es.ource@gmail.com,trh1lzia.@M
aipu5auv,aipi.ct.ur.eso.urce@gmail.com,vua5upia.@M
ai7z57kd,a.ip.ict.ure.source@gmail.com,dk75z7ia.@M
aiq2hbjk,a.ip.ictur.esource@gmail.com,kjbh2qia.@M
aij33a9p,a.i.pi.c.ture.source@gmail.com,p9a33jia.@M
aif29ec7,aip.i.ctu.r.es.ource@gmail.com,7ce92fia.@M
aiwi46yp,a.ip.i.c.t.u.resource@gmail.com,py64iwia.@M
aim0op1m,a.i.pict.u.res.ource@gmail.com,m1po0mia.@M
ai9p8180,a.i.pictur.e.source@gmail.com,0818p9ia.@M
aifgs3t3,ai.pictu.res.ource@gmail.com,3t3sgfia.@M
aitwpune,ai.pic.tu.r.es.ource@gmail.com,enupwtia.@M
aii7a0em,a.ipi.c.ture.s.ource@gmail.com,me0a7iia.@M
aiwgii6k,aipictu.r.es.o.urce@gmail.com,k6iigwia.@M
aizs1bz7,a.ipictur.esource@gmail.com,7zb1szia.@M
ai0j0148,a.ipictures.ou.rce@gmail.com,8410j0ia.@M
aizab0cp,aip.ict.ur.esource@gmail.com,pc0bazia.@M
aiwu564v,a.ipict.ure.so.urce@gmail.com,v465uwia.@M
aisd5tar,a.ipictu.r.e.source@gmail.com,rat5dsia.@M
aihuf6ep,a.ipi.ctu.re.s.ource@gmail.com,pe6fuhia.@M
aigwt0mo,a.i.p.ic.turesource@gmail.com,om0twgia.@M
aihr5btp,a.i.p.icture.s.ource@gmail.com,ptb5rhia.@M
aiweparv,a.i.pictures.ource@gmail.com,vrapewia.@M
aix88wrz,aipic.tu.r.esource@gmail.com,zrw88xia.@M
aioaq135,aipic.tu.resou.rce@gmail.com,531qaoia.@M
aiuc1do2,aipict.u.reso.urce@gmail.com,2od1cuia.@M
ai2pfho1,aipic.tureso.urce@gmail.com,1ohfp2ia.@M
aix2du8e,ai.pict.u.re.s.ource@gmail.com,e8ud2xia.@M
aia3nk94,aipict.u.re.s.ource@gmail.com,49kn3aia.@M
aizspdrc,a.ip.i.ctures.ource@gmail.com,crdpszia.@M
aim26n2e,ai.p.i.c.turesource@gmail.com,e2n62mia.@M
aij82mk3,a.i.p.i.ct.ur.esource@gmail.com,3km28jia.@M
ai6vc451,aipi.c.tu.re.source@gmail.com,154cv6ia.@M
aindzbhg,a.i.pi.ct.ur.e.source@gmail.com,ghbzdnia.@M
ai0ctewb,ai.p.i.ctu.r.e.source@gmail.com,bwetc0ia.@M
ai9z5itu,aipi.c.t.ure.s.ource@gmail.com,uti5z9ia.@M
aiw8gw08,aipicture.s.o.urce@gmail.com,80wg8wia.@M
ais8e5dd,a.ip.i.ct.ur.e.source@gmail.com,dd5e8sia.@M
air69ts5,ai.p.ict.uresource@gmail.com,5st96ria.@M
ai43dsz3,a.i.pic.t.ur.esource@gmail.com,3zsd34ia.@M
aiscaxj0,aip.i.ctures.o.urce@gmail.com,0jxacsia.@M
ai3bm510,ai.pi.ct.u.r.e.source@gmail.com,015mb3ia.@M
aikr2zdl,aipic.tur.es.ource@gmail.com,ldz2rkia.@M
ai3mwac8,a.ipictu.re.so.urce@gmail.com,8cawm3ia.@M
ai3hojzd,a.i.pictu.r.esource@gmail.com,dzjoh3ia.@M
aihinjn6,aip.ictu.r.esource@gmail.com,6njnihia.@M
aieem9vt,a.ipictur.e.so.urce@gmail.com,tv9meeia.@M
ai9u1gjx,aip.ict.ure.s.ource@gmail.com,xjg1u9ia.@M
ai44za6n,aip.ict.ure.source@gmail.com,n6az44ia.@M
ai7zqsyr,aip.ic.tu.r.e.source@gmail.com,rysqz7ia.@M
ai5qaa32,ai.p.ict.ur.e.source@gmail.com,23aaq5ia.@M
aiwo0sql,a.i.pi.c.tu.re.source@gmail.com,lqs0owia.@M
aitkvplv,ai.pict.ur.e.source@gmail.com,vlpvktia.@M
aimaqy71,aipi.ctur.es.o.urce@gmail.com,17yqamia.@M
ai5t4s8o,a.ipictu.res.o.urce@gmail.com,o8s4t5ia.@M
aizegbi4,ai.p.i.ctures.ource@gmail.com,4ibgezia.@M
ai0qjb97,ai.pict.uresource@gmail.com,79bjq0ia.@M
aiozxv8w,a.ipictu.r.e.s.ource@gmail.com,w8vxzoia.@M
aiec4k2i,ai.p.ictur.e.s.ource@gmail.com,i2k4ceia.@M
ai03sh9r,aipictur.esou.rce@gmail.com,r9hs30ia.@M
ailtn7tw,aipictu.resou.rce@gmail.com,wt7ntlia.@M
aid0uivp,aip.ic.tu.r.esource@gmail.com,pviu0dia.@M
airpiuea,ai.pi.c.tu.r.e.source@gmail.com,aeuipria.@M
aizcj109,aipict.ures.o.urce@gmail.com,901jczia.@M
aiqlwzbz,aipict.u.r.e.s.ource@gmail.com,zbzwlqia.@M
aiz3cq1g,a.ipi.ctur.eso.urce@gmail.com,g1qc3zia.@M
aiwe0t91,aipi.ctu.r.e.s.ource@gmail.com,19t0ewia.@M
ai6y19tx,a.ipic.t.ur.es.ource@gmail.com,xt91y6ia.@M
aig12lxk,a.i.p.i.c.t.u.resource@gmail.com,kxl21gia.@M
aic52tjl,ai.pi.ct.u.re.source@gmail.com,ljt25cia.@M
ai3yp8gc,aipic.tur.eso.urce@gmail.com,cg8py3ia.@M
aiiw79jt,ai.pictu.r.esource@gmail.com,tj97wiia.@M
aim63b1p,a.i.p.ic.tures.ource@gmail.com,p1b36mia.@M
aift134c,ai.p.i.ctur.e.source@gmail.com,c431tfia.@M
ai6zr5di,aipic.tu.re.s.ource@gmail.com,id5rz6ia.@M
aiexaxpk,aipictu.res.ource@gmail.com,kpxaxeia.@M
aiqu75cf,aip.i.c.turesource@gmail.com,fc57uqia.@M
ai3d6eqh,aip.ic.turesou.rce@gmail.com,hqe6d3ia.@M
aimncl1q,aipictur.es.ou.rce@gmail.com,q1lcnmia.@M
aiq7fz1s,aip.i.ct.u.resource@gmail.com,s1zf7qia.@M
aisw2xn9,aip.i.ct.u.res.ource@gmail.com,9nx2wsia.@M
aiyx5l1h,aip.ic.t.u.re.source@gmail.com,h1l5xyia.@M
aiwtv57f,a.ip.ic.tures.ource@gmail.com,f75vtwia.@M
ai3gmw21,aipicture.sour.ce@gmail.com,12wmg3ia.@M
ai4sujqt,aipictu.r.e.s.ource@gmail.com,tqjus4ia.@M
aibs2xp7,aip.ic.t.ur.e.source@gmail.com,7px2sbia.@M
ai5ad2ka,aip.icture.so.urce@gmail.com,ak2da5ia.@M
aicavan7,aipic.ture.so.urce@gmail.com,7navacia.@M
aichngkx,ai.pi.c.t.ur.esource@gmail.com,xkgnhcia.@M
aidckggr,a.i.pic.turesource@gmail.com,rggkcdia.@M
ai59jrrx,aip.ict.u.reso.urce@gmail.com,xrrj95ia.@M
aizv2ijv,aipictu.re.s.ource@gmail.com,vji2vzia.@M
ai12p6fr,aip.icture.s.ource@gmail.com,rf6p21ia.@M
aiexhnt7,a.ip.ictur.es.ource@gmail.com,7tnhxeia.@M
aioo6jm7,aipict.u.resource@gmail.com,7mj6ooia.@M
aimx6m2i,ai.pictures.o.urce@gmail.com,i2m6xmia.@M
aiw86ucl,a.i.pi.ctu.r.e.source@gmail.com,lcu68wia.@M
aio2m1ry,aipict.u.res.ource@gmail.com,yr1m2oia.@M
ai4ahtqn,a.ipict.ur.e.source@gmail.com,nqtha4ia.@M
aikzavbu,ai.pic.t.u.resource@gmail.com,ubvazkia.@M
ai7xsgjw,aip.ic.t.ure.source@gmail.com,wjgsx7ia.@M
aiqi0ffv,a.i.pictu.r.e.source@gmail.com,vff0iqia.@M
aiuocxzp,a.i.p.ic.tu.r.esource@gmail.com,pzxcouia.@M
ai4g914l,a.i.pic.t.u.resource@gmail.com,l419g4ia.@M
ai68x2sv,aip.ic.tureso.urce@gmail.com,vs2x86ia.@M
aiv2917v,aip.i.c.tur.e.source@gmail.com,v7192via.@M
ai95qvsi,ai.p.ictu.r.es.ource@gmail.com,isvq59ia.@M
ainhsi19,a.i.pictu.re.s.ource@gmail.com,91ishnia.@M
ai2ow2dn,a.ipi.ct.u.res.ource@gmail.com,nd2wo2ia.@M
airz2nhq,a.ipi.cture.source@gmail.com,qhn2zria.@M
aiq3zco8,ai.p.ictu.r.esource@gmail.com,8ocz3qia.@M
aiahhi9y,aipi.ct.ures.ource@gmail.com,y9ihhaia.@M
aieoet9j,a.i.pi.ct.uresource@gmail.com,j9teoeia.@M
aipfqpz0,aipi.cturesource@gmail.com,0zpqfpia.@M
aie1oyex,a.i.pictur.esource@gmail.com,xeyo1eia.@M
aie0nyde,a.ipi.ctures.o.urce@gmail.com,edyn0eia.@M
aiadtwjc,a.ip.ic.t.ure.source@gmail.com,cjwtdaia.@M
aixs9kqv,a.i.pi.c.tur.e.source@gmail.com,vqk9sxia.@M
aix171n8,ai.pictu.resource@gmail.com,8n171xia.@M
aipups98,aipictu.res.o.urce@gmail.com,89spupia.@M
aiahne5h,aip.ic.t.u.r.e.source@gmail.com,h5enhaia.@M
aiqm2lj0,ai.pic.tures.ource@gmail.com,0jl2mqia.@M
ai0rfrsp,aipi.c.ture.so.urce@gmail.com,psrfr0ia.@M
aiuuhd64,aipi.ctures.ource@gmail.com,46dhuuia.@M
aid5nznh,a.ipi.c.t.u.r.esource@gmail.com,hnzn5dia.@M
aisyo4hu,a.i.p.ic.t.u.resource@gmail.com,uh4oysia.@M
ai5p8n43,ai.pi.c.t.u.r.esource@gmail.com,34n8p5ia.@M
aio7schd,aipictu.r.esource@gmail.com,dhcs7oia.@M
aixr4gui,a.i.pi.ct.u.re.source@gmail.com,iug4rxia.@M
aii0acwr,a.ipictur.e.source@gmail.com,rwca0iia.@M
aif0fhrb,aipictures.o.urce@gmail.com,brhf0fia.@M
aiyaoyvk,aipictures.our.ce@gmail.com,kvyoayia.@M
aigqan26,aip.i.ctur.e.source@gmail.com,62naqgia.@M
aiieqqrz,aipict.u.resou.rce@gmail.com,zrqqeiia.@M
ai6fytp4,aipi.c.tur.esource@gmail.com,4ptyf6ia.@M
ai9ojfmg,a.ip.i.c.ture.source@gmail.com,gmfjo9ia.@M
aixkmrd1,a.ip.i.c.tu.r.esource@gmail.com,1drmkxia.@M
ai0n12vp,ai.pictur.esource@gmail.com,pv21n0ia.@M
aiyi0adv,ai.pi.ctu.re.source@gmail.com,vda0iyia.@M
aiuiwlyr,a.ip.i.ct.u.resource@gmail.com,rylwiuia.@M
ai0kl8ed,a.ipi.c.t.u.re.source@gmail.com,de8lk0ia.@M
aingzslp,aip.i.ctureso.urce@gmail.com,plszgnia.@M
ai8j7tlh,a.i.pict.u.resource@gmail.com,hlt7j8ia.@M
aixpr0qr,a.ip.ictu.reso.urce@gmail.com,rq0rpxia.@M
ai85qm43,aipi.cture.so.urce@gmail.com,34mq58ia.@M
ai74wetz,a.ipic.tureso.urce@gmail.com,ztew47ia.@M
aif9a86f,aip.icturesour.ce@gmail.com,f68a9fia.@M
aiiyfnu4,aipi.ct.uresou.rce@gmail.com,4unfyiia.@M
ai4v60uy,a.i.p.i.ct.ure.source@gmail.com,yu06v4ia.@M
aixb90uf,aip.ictu.resource@gmail.com,fu09bxia.@M
aifvu5sp,aipict.u.r.eso.urce@gmail.com,ps5uvfia.@M
aii5bk37,ai.p.i.ct.ures.ource@gmail.com,73kb5iia.@M
aiswg7lo,aipi.c.tu.re.s.ource@gmail.com,ol7gwsia.@M
ainfjbf5,aip.ic.tu.r.es.ource@gmail.com,5fbjfnia.@M
aizci7e4,a.i.p.i.c.t.ur.esource@gmail.com,4e7iczia.@M
aip4xv2v,a.i.p.i.ctur.e.source@gmail.com,v2vx4pia.@M
aieboj6t,a.ipi.ctures.ource@gmail.com,t6jobeia.@M
aiukrwd9,ai.pi.c.turesource@gmail.com,9dwrkuia.@M
aijfxhnn,a.ip.ict.u.r.e.source@gmail.com,nnhxfjia.@M
aix49ax1,a.ip.ic.tu.re.source@gmail.com,1xa94xia.@M
ai7rfsjm,a.ipictu.re.s.ource@gmail.com,mjsfr7ia.@M
aidv3a4f,ai.p.ict.ur.esource@gmail.com,f4a3vdia.@M
aiidkebw,aipic.ture.source@gmail.com,wbekdiia.@M
aiso4fys,a.ipi.c.tu.resource@gmail.com,syf4osia.@M
aige6pbc,ai.p.ic.tur.e.source@gmail.com,cbp6egia.@M
aiif20ci,a.ipic.ture.s.ource@gmail.com,ic02fiia.@M
aiyan1ms,ai.p.ictur.e.source@gmail.com,sm1nayia.@M
aih0igaa,aipi.c.turesou.rce@gmail.com,aagi0hia.@M
ai2jjapr,ai.p.icture.s.ource@gmail.com,rpajj2ia.@M
ai9awznf,aipictur.eso.u.rce@gmail.com,fnzwa9ia.@M
aiut8uxp,aip.i.ct.ures.ource@gmail.com,pxu8tuia.@M
aih3yy5y,a.i.pict.u.r.esource@gmail.com,y5yy3hia.@M
aimf2c27,a.ipic.t.u.r.esource@gmail.com,72c2fmia.@M
aihfo5rt,aipic.t.u.r.esource@gmail.com,tr5ofhia.@M
aibje6dp,ai.pi.ctur.es.ource@gmail.com,pd6ejbia.@M
aiuiz7s0,ai.pict.u.r.esource@gmail.com,0s7ziuia.@M
ainhed87,aipict.ur.es.ource@gmail.com,78dehnia.@M
ai1ckj4s,ai.pic.t.ur.esource@gmail.com,s4jkc1ia.@M
aics4eq4,aipicturesou.r.ce@gmail.com,4qe4scia.@M
aiuheb8q,ai.picturesour.ce@gmail.com,q8behuia.@M
